{
  "attack": {
    "mae": 0.4822269334388304,
    "mape": 0.7644012358206366,
    "rmse": 0.6256532176747827,
    "worst_case": 1.7464752407741173
  },
  "checks": {
    "attack_differs_from_clean": true,
    "deterministic_100_runs": true,
    "hybrid_data_non_empty": true,
    "max_rounds_respected": true,
    "pure_transition": true,
    "real_data_split_non_empty": true,
    "source_adapter_rows": true,
    "split_non_empty": true,
    "stress_10k_rounds": true
  },
  "clean": {
    "mae": 0.804828391419137,
    "mape": 1.2110252087541828,
    "rmse": 0.9403988511179874,
    "worst_case": 1.8681614965576046
  },
  "convergence": {
    "max_rounds": 200,
    "round_cap_hit": false,
    "rounds_executed": 80
  },
  "prometheus_metrics_present": false,
  "robustness": {
    "mae_delta": -0.3226014579803066,
    "mae_ratio": 0.5991673983922582
  },
  "rows": {
    "test": 72,
    "train": 336,
    "valid": 72
  },
  "scenario_sweep": {
    "0.5": {
      "mae_delta": 0.06452083635737493,
      "mae_ratio": 1.0795468558180152
    },
    "1.0": {
      "mae_delta": -0.32664732655960943,
      "mae_ratio": 0.5941404030446303
    },
    "1.5": {
      "mae_delta": -0.02937257745704791,
      "mae_ratio": 0.9716607577373111
    }
  }
}